Fiscal Month,Sales,Sales LY
2018-01,13297630.244,12395369.084
2018-02,14398630.28,13789477.868
2018-03,18152684.4428832,17105808.936
2018-04,14300460.388,13643203.216
2018-05,13199852.63646,13968098.028
2018-06,17753679.2373908,17151656.108
2018-07,14993030.857928,14071356.976
2018-08,,13676919.348
2018-09,,17243759.7
2018-10,,13771092
2018-11,,13008481.196
2018-12,,15033836.504
